Year,NOC,Total_Medals,Medal_Winner,Classification_Prediction,Regression_Prediction,Final_Medal_Prediction
2016,AFG,0.0,0,0,1.4569917132644785,0.0
2016,ALB,0.0,0,0,0.9378089238468199,0.0
2016,ALG,2.0,1,1,2.2581886144651535,2.2581886144651535
2016,AND,0.0,0,0,1.153462799779323,0.0
2016,ANG,0.0,0,0,0.49400053035283253,0.0
2016,ANT,0.0,0,0,0.8665992564213618,0.0
2016,ARG,4.0,1,1,5.279328897668287,5.279328897668287
2016,ARM,4.0,1,1,4.364601001927629,4.364601001927629
2016,ARU,0.0,0,0,0.8210971350375997,0.0
2016,ASA,0.0,0,0,0.7068864632199485,0.0
2016,AUS,29.0,1,1,35.664105735928416,35.664105735928416
2016,AUT,1.0,1,0,2.0035148216801657,0.0
2016,AZE,18.0,1,1,8.768976825755267,8.768976825755267
2016,BAH,2.0,1,0,1.9578446355728425,0.0
2016,BAN,0.0,0,0,1.7137340812872282,0.0
2016,BAR,0.0,0,0,0.8409483804622635,0.0
2016,BDI,1.0,1,0,0.3433113893329516,0.0
2016,BEL,6.0,1,1,3.490360025111432,3.490360025111432
2016,BEN,0.0,0,0,0.29206969099346747,0.0
2016,BER,0.0,0,0,1.0471224579426934,0.0
2016,BHU,0.0,0,0,0.6506391999749628,0.0
2016,BIH,0.0,0,0,0.8880822720562822,0.0
2016,BIZ,0.0,0,0,0.6761294350580553,0.0
2016,BLR,9.0,1,1,13.272239150278438,13.272239150278438
2016,BOL,0.0,0,0,0.5845464563767644,0.0
2016,BOT,0.0,0,0,1.0076272549772436,0.0
2016,BRA,19.0,1,1,16.97522897763471,16.97522897763471
2016,BRN,2.0,1,0,1.5968143380585333,0.0
2016,BRU,0.0,0,0,0.7996889420968549,0.0
2016,BUL,3.0,1,1,3.501186741556392,3.501186741556392
2016,BUR,0.0,0,0,0.3387115218295298,0.0
2016,CAF,0.0,0,0,-0.05590086334836286,0.0
2016,CAM,0.0,0,0,0.6963998085575032,0.0
2016,CAN,22.0,1,1,17.616597922666234,17.616597922666234
2016,CAY,0.0,0,0,0.9526067729337786,0.0
2016,CGO,0.0,0,0,0.4178115369131792,0.0
2016,CHA,0.0,0,0,0.0355682514490292,0.0
2016,CHI,0.0,0,0,1.4045408943077198,0.0
2016,CHN,70.0,1,1,91.98596426344753,91.98596426344753
2016,CIV,2.0,1,0,0.3706537646784378,0.0
2016,CMR,0.0,0,0,0.704971412380746,0.0
2016,COD,0.0,0,0,0.7654414469697715,0.0
2016,COK,0.0,0,0,0.6724855601815163,0.0
2016,COL,8.0,1,1,6.481359550632732,6.481359550632732
2016,COM,0.0,0,0,0.4195863115396037,0.0
2016,CPV,0.0,0,0,0.7667803581930639,0.0
2016,CRC,0.0,0,0,1.0055984646335885,0.0
2016,CRO,10.0,1,1,5.967162037998125,5.967162037998125
2016,CUB,11.0,1,1,16.39243540770825,16.39243540770825
2016,CYP,0.0,0,0,1.636814503777551,0.0
2016,CZE,10.0,1,1,8.720035717433678,8.720035717433678
2016,DEN,15.0,1,1,8.480378353472494,8.480378353472494
2016,DJI,0.0,0,0,0.3692560177715638,0.0
2016,DMA,0.0,0,0,0.651928163822932,0.0
2016,DOM,1.0,1,1,2.5622127764278013,2.5622127764278013
2016,ECU,0.0,0,0,1.2356467581461268,0.0
2016,EGY,3.0,1,1,2.779578718927201,2.779578718927201
2016,ERI,0.0,0,0,0.4892333519795642,0.0
2016,ESA,0.0,0,0,0.6797023454480304,0.0
2016,ESP,17.0,1,1,16.83717385157355,16.83717385157355
2016,EST,1.0,1,1,2.6801164411477716,2.6801164411477716
2016,ETH,8.0,1,1,7.330573304465514,7.330573304465514
2016,FIJ,1.0,1,0,0.49086537959344234,0.0
2016,FIN,1.0,1,1,4.047429749987742,4.047429749987742
2016,FRA,42.0,1,1,34.45585301724715,34.45585301724715
2016,FSM,0.0,0,0,0.44481415110017064,0.0
2016,GAB,0.0,0,0,1.0889487342570385,0.0
2016,GAM,0.0,0,0,0.37833204355732963,0.0
2016,GBR,67.0,1,1,54.24766199973676,54.24766199973676
2016,GBS,0.0,0,0,0.2747627678059281,0.0
2016,GEO,7.0,1,1,6.675495310124118,6.675495310124118
2016,GEQ,0.0,0,0,0.2933089480997513,0.0
2016,GER,42.0,1,1,39.83512038139425,39.83512038139425
2016,GHA,0.0,0,0,0.5642311524261236,0.0
2016,GRE,6.0,1,1,3.474193905068755,3.474193905068755
2016,GRN,1.0,1,0,1.3835155485013466,0.0
2016,GUA,0.0,0,0,1.3501290771109935,0.0
2016,GUI,0.0,0,0,0.26557022064857794,0.0
2016,GUM,0.0,0,0,0.859405610193646,0.0
2016,GUY,0.0,0,0,0.5414470070645185,0.0
2016,HAI,0.0,0,0,0.4323379471742088,0.0
2016,HKG,0.0,0,1,10.700952298474025,10.700952298474025
2016,HON,0.0,0,0,0.7258613887096192,0.0
2016,HUN,15.0,1,1,14.531683620308954,14.531683620308954
2016,INA,3.0,1,1,5.029834987287669,5.029834987287669
2016,IND,2.0,1,1,13.986284470148654,13.986284470148654
2016,IOA,2.0,1,0,0.6724855601815163,0.0
2016,IRI,8.0,1,1,9.089322428658209,9.089322428658209
2016,IRL,2.0,1,1,4.949266847142056,4.949266847142056
2016,IRQ,0.0,0,0,0.81389186005114,0.0
2016,ISL,0.0,0,0,1.3829769135664374,0.0
2016,ISR,2.0,1,0,1.430407622965253,0.0
2016,ISV,0.0,0,0,0.9575226618644073,0.0
2016,ITA,28.0,1,1,26.120436680780912,26.120436680780912
2016,IVB,0.0,0,0,0.8460346481832453,0.0
2016,JAM,11.0,1,1,10.48444792127969,10.48444792127969
2016,JOR,1.0,1,0,0.8740373594597317,0.0
2016,JPN,41.0,1,1,31.92439605407073,31.92439605407073
2016,KAZ,18.0,1,1,12.390171697240453,12.390171697240453
2016,KEN,13.0,1,1,11.631699458665258,11.631699458665258
2016,KGZ,0.0,0,0,1.274844329063956,0.0
2016,KIR,0.0,0,0,0.4522584207840623,0.0
2016,KOR,21.0,1,1,27.2163958148076,27.2163958148076
2016,KOS,1.0,1,0,0.8624538207619046,0.0
2016,KSA,0.0,0,0,1.717892565562082,0.0
2016,LAO,0.0,0,0,0.5419498875501434,0.0
2016,LAT,0.0,0,1,2.868030059810923,2.868030059810923
2016,LBA,0.0,0,0,0.7170518772148768,0.0
2016,LBR,0.0,0,0,0.2893028843291825,0.0
2016,LCA,0.0,0,0,0.7032369923890043,0.0
2016,LES,0.0,0,0,-0.003357936401912731,0.0
2016,LIB,0.0,0,0,0.9518434297153111,0.0
2016,LIE,0.0,0,0,1.144414970688548,0.0
2016,LTU,4.0,1,1,5.249864793460962,5.249864793460962
2016,LUX,0.0,0,0,1.1298170374404495,0.0
2016,MAD,0.0,0,0,0.5384011755838873,0.0
2016,MAR,1.0,1,1,2.1429761419804607,2.1429761419804607
2016,MAS,5.0,1,1,2.4974753031019605,2.4974753031019605
2016,MAW,0.0,0,0,0.47179129043681023,0.0
2016,MDA,0.0,0,1,2.1119598672099795,2.1119598672099795
2016,MDV,0.0,0,0,0.935837707158532,0.0
2016,MEX,5.0,1,1,6.619418795258314,6.619418795258314
2016,MGL,2.0,1,1,4.785429481677591,4.785429481677591
2016,MHL,0.0,0,0,0.44151775905053015,0.0
2016,MKD,0.0,0,0,0.815373179175547,0.0
2016,MLI,0.0,0,0,0.3056344804998128,0.0
2016,MLT,0.0,0,0,1.0705030838026994,0.0
2016,MNE,0.0,0,0,1.441279651533386,0.0
2016,MON,0.0,0,0,1.2717095704539099,0.0
2016,MOZ,0.0,0,0,0.40210548341861063,0.0
2016,MRI,0.0,0,0,1.0748317941589232,0.0
2016,MTN,0.0,0,0,0.5157957495599605,0.0
2016,MYA,0.0,0,0,0.7882055870804243,0.0
2016,NAM,0.0,0,0,0.2878923057749585,0.0
2016,NCA,0.0,0,0,0.7614788604547633,0.0
2016,NED,19.0,1,1,17.769666050863584,17.769666050863584
2016,NEP,0.0,0,0,0.7332161139745876,0.0
2016,NGR,1.0,1,0,2.4487428760379695,0.0
2016,NIG,1.0,1,0,0.3496092552566621,0.0
2016,NOR,4.0,1,1,6.178960093866485,6.178960093866485
2016,NRU,0.0,0,0,0.2810004513992981,0.0
2016,NZL,18.0,1,1,11.458535406972754,11.458535406972754
2016,OMA,0.0,0,0,0.9905304362325942,0.0
2016,PAK,0.0,0,0,1.9220054618785638,0.0
2016,PAN,0.0,0,0,1.218729544464833,0.0
2016,PAR,0.0,0,0,0.7748496375180269,0.0
2016,PER,0.0,0,0,1.0285490507877864,0.0
2016,PHI,1.0,1,0,1.2969009719174869,0.0
2016,PLE,0.0,0,0,0.8130033998445909,0.0
2016,PLW,0.0,0,0,0.578441460125851,0.0
2016,PNG,0.0,0,0,0.47151194092653714,0.0
2016,POL,11.0,1,1,10.046813315543314,10.046813315543314
2016,POR,1.0,1,1,2.275301578331768,2.275301578331768
2016,PRK,7.0,1,1,6.223081441425624,6.223081441425624
2016,PUR,1.0,1,1,2.204332718868306,2.204332718868306
2016,QAT,1.0,1,0,2.2808348453206495,0.0
2016,ROT,0.0,0,0,0.6724855601815163,0.0
2016,ROU,4.0,1,1,8.639915298309134,8.639915298309134
2016,RSA,10.0,1,1,4.647332969002502,4.647332969002502
2016,RUS,56.0,1,1,71.62284950994317,71.62284950994317
2016,RWA,0.0,0,0,0.5278284910645468,0.0
2016,SAM,0.0,0,0,0.643372694631513,0.0
2016,SEN,0.0,0,0,0.584904149445479,0.0
2016,SEY,0.0,0,0,0.7700114652598455,0.0
2016,SGP,1.0,1,1,2.154468088013687,2.154468088013687
2016,SKN,0.0,0,0,0.6604200071466715,0.0
2016,SLE,0.0,0,0,0.17679159738628858,0.0
2016,SLO,4.0,1,1,4.892509577968204,4.892509577968204
2016,SMR,0.0,0,0,1.1660386816357833,0.0
2016,SOL,0.0,0,0,0.5906400079523602,0.0
2016,SOM,0.0,0,0,0.16400317101519324,0.0
2016,SRB,8.0,1,1,4.121995961062998,4.121995961062998
2016,SRI,0.0,0,0,0.9697898259982702,0.0
2016,SSD,0.0,0,0,-0.5325715080998714,0.0
2016,STP,0.0,0,0,0.4804188751353946,0.0
2016,SUD,0.0,0,0,0.9826249433262104,0.0
2016,SUI,7.0,1,1,5.653832834788364,5.653832834788364
2016,SUR,0.0,0,0,0.645922087421428,0.0
2016,SVK,4.0,1,1,5.0640657527451545,5.0640657527451545
2016,SWE,11.0,1,1,7.372023422318988,7.372023422318988
2016,SWZ,0.0,0,0,0.1120868813445739,0.0
2016,SYR,0.0,0,0,0.55648146761816,0.0
2016,TAN,0.0,0,0,0.7586184868277468,0.0
2016,TGA,0.0,0,0,0.6770877075864989,0.0
2016,THA,6.0,1,1,4.291468126716744,4.291468126716744
2016,TJK,1.0,1,0,1.8494946207615137,0.0
2016,TKM,0.0,0,0,0.6173409328631316,0.0
2016,TLS,0.0,0,0,0.452541814899333,0.0
2016,TOG,0.0,0,0,0.5740353920151442,0.0
2016,TPE,3.0,1,1,3.047500229833549,3.047500229833549
2016,TTO,1.0,1,1,3.69289693538233,3.69289693538233
2016,TUN,3.0,1,1,2.9382699963204475,2.9382699963204475
2016,TUR,8.0,1,1,6.421492481224677,6.421492481224677
2016,TUV,0.0,0,0,0.6724855601815163,0.0
2016,UAE,1.0,1,0,1.13057400446371,0.0
2016,UGA,0.0,0,0,1.2539050234849953,0.0
2016,UKR,11.0,1,1,20.9116160902746,20.9116160902746
2016,URU,0.0,0,0,0.9026795514129518,0.0
2016,USA,121.0,1,1,96.84247909597379,96.84247909597379
2016,UZB,13.0,1,1,4.433190060898693,4.433190060898693
2016,VAN,0.0,0,0,0.6213359756400916,0.0
2016,VEN,3.0,1,0,1.7726965024985954,0.0
2016,VIE,2.0,1,0,1.6730051653942204,0.0
2016,VIN,0.0,0,0,0.6337370585898778,0.0
2016,YEM,0.0,0,0,0.7122517170312199,0.0
2016,ZAM,0.0,0,0,0.3940293962138295,0.0
2016,ZIM,0.0,0,0,1.5196690523741094,0.0
